{"id":"38cc42d2-32f8-11ea-a7a4-0242ac1b0002","name":"testJsonJuelProces","key":"testJsonJuelProces","description":"","editorJson":{"modelId":"38cc42d2-32f8-11ea-a7a4-0242ac1b0002","bounds":{"lowerRight":{"x":1200,"y":1050},"upperLeft":{"x":0,"y":0}},"properties":{"process_id":"testJsonJuelProces","name":"testJsonJuelProces","documentation":"","process_author":"","process_version":"","process_namespace":"http://www.flowable.org/processdef","process_historylevel":"","isexecutable":true,"dataproperties":"","executionlisteners":"","eventlisteners":"","signaldefinitions":"","messagedefinitions":"","escalationdefinitions":"","process_potentialstarteruser":"","process_potentialstartergroup":"","iseagerexecutionfetch":"false"},"childShapes":[{"resourceId":"startEvent1","properties":{"overrideid":"start","name":"","documentation":"","executionlisteners":"","initiator":"","formkeydefinition":"","formreference":"","formfieldvalidation":true,"formproperties":""},"stencil":{"id":"StartNoneEvent"},"childShapes":[],"outgoing":[{"resourceId":"sid-F19AAC4B-8214-4D92-9CAA-23B7EE4526E1"}],"bounds":{"lowerRight":{"x":130,"y":193},"upperLeft":{"x":100,"y":163}},"dockers":[]},{"resourceId":"sid-ED3E9165-F9F0-4E60-AEE9-9A0BFF4DA47D","properties":{"overrideid":"end","name":"","documentation":"","executionlisteners":""},"stencil":{"id":"EndNoneEvent"},"childShapes":[],"outgoing":[],"bounds":{"lowerRight":{"x":493,"y":192},"upperLeft":{"x":465,"y":164}},"dockers":[]},{"resourceId":"sid-7A51AA82-0031-4A75-A6B9-4E12741ED895","properties":{"overrideid":"startLeefsituatieSequence","name":"","documentation":"","conditionsequenceflow":"","executionlisteners":"","defaultflow":"false","skipexpression":""},"stencil":{"id":"SequenceFlow"},"childShapes":[],"outgoing":[{"resourceId":"sid-5C139192-2573-4404-906F-EF15C3293B5E"}],"bounds":{"lowerRight":{"x":319.3515625,"y":178},"upperLeft":{"x":265.6484375,"y":175}},"dockers":[{"x":50,"y":40},{"x":292.5,"y":175},{"x":292.5,"y":178},{"x":50,"y":40}],"target":{"resourceId":"sid-5C139192-2573-4404-906F-EF15C3293B5E"}},{"resourceId":"sid-8784EBD2-5B01-4A22-A29E-DF0DD32DF77E","properties":{"overrideid":"endSequence","name":"","documentation":"","conditionsequenceflow":"","executionlisteners":"","defaultflow":"false","skipexpression":""},"stencil":{"id":"SequenceFlow"},"childShapes":[],"outgoing":[{"resourceId":"sid-ED3E9165-F9F0-4E60-AEE9-9A0BFF4DA47D"}],"bounds":{"lowerRight":{"x":464.375,"y":178},"upperLeft":{"x":420.390625,"y":178}},"dockers":[{"x":50,"y":40},{"x":14,"y":14}],"target":{"resourceId":"sid-ED3E9165-F9F0-4E60-AEE9-9A0BFF4DA47D"}},{"resourceId":"sid-F19AAC4B-8214-4D92-9CAA-23B7EE4526E1","properties":{"overrideid":"startBRPsequence","name":"","documentation":"","conditionsequenceflow":"","executionlisteners":"","defaultflow":"false","skipexpression":""},"stencil":{"id":"SequenceFlow"},"childShapes":[],"outgoing":[{"resourceId":"sid-EE5303E8-0992-41E8-849C-5EBC0CB2FD8C"}],"bounds":{"lowerRight":{"x":164.78169969647763,"y":177.54813849089433},"upperLeft":{"x":130.06205030352237,"y":176.50654900910567}},"dockers":[{"x":15,"y":15},{"x":50,"y":40}],"target":{"resourceId":"sid-EE5303E8-0992-41E8-849C-5EBC0CB2FD8C"}},{"resourceId":"sid-EE5303E8-0992-41E8-849C-5EBC0CB2FD8C","properties":{"overrideid":"brpHttpTask","name":"brpHttpTask","documentation":"","asynchronousdefinition":"false","exclusivedefinition":"false","executionlisteners":"","multiinstance_type":"None","multiinstance_cardinality":"","multiinstance_collection":"","multiinstance_variable":"","multiinstance_condition":"","isforcompensation":"false","httptaskrequestmethod":"","httptaskrequesturl":"http://clue-json-server:80/brp?bsn=2","httptaskrequestheaders":"","httptaskrequestbody":"","httptaskrequestbodyencoding":"","httptaskrequesttimeout":"","httptaskdisallowredirects":"","httptaskfailstatuscodes":"","httptaskhandlestatuscodes":"","httptaskignoreexception":"","httptaskresponsevariablename":"brpHttpTaskResponse","httptasksaverequestvariables":"","httptasksaveresponseparameters":"","httptaskresultvariableprefix":"","httptasksaveresponseparameterstransient":"","httptasksaveresponseasjson":true,"type":"http://b3mn.org/stencilset/bpmn2.0#UserTask","usertaskassignment":"","formkeydefinition":"","formreference":"","formfieldvalidation":true,"duedatedefinition":"","prioritydefinition":"","formproperties":"","tasklisteners":"","skipexpression":"","categorydefinition":""},"stencil":{"id":"HttpTask"},"childShapes":[],"outgoing":[{"resourceId":"sid-7A51AA82-0031-4A75-A6B9-4E12741ED895"}],"bounds":{"lowerRight":{"x":265,"y":215},"upperLeft":{"x":165,"y":135}},"dockers":[]},{"resourceId":"sid-5C139192-2573-4404-906F-EF15C3293B5E","properties":{"overrideid":"","name":"leefsituatieHttpTask","documentation":"","asynchronousdefinition":"false","exclusivedefinition":"false","executionlisteners":"","multiinstance_type":"None","multiinstance_cardinality":"","multiinstance_collection":"","multiinstance_variable":"","multiinstance_condition":"","isforcompensation":"false","httptaskrequestmethod":"","httptaskrequesturl":"http://clue-json-server:80/leefsituatie?brpID=${brpHttpTaskResponse.get(0).brpID}","httptaskrequestheaders":"","httptaskrequestbody":"","httptaskrequestbodyencoding":"","httptaskrequesttimeout":"","httptaskdisallowredirects":"","httptaskfailstatuscodes":"","httptaskhandlestatuscodes":"","httptaskignoreexception":"","httptaskresponsevariablename":"leefsituatieHttpTaskResponse","httptasksaverequestvariables":"","httptasksaveresponseparameters":"","httptaskresultvariableprefix":"","httptasksaveresponseparameterstransient":"","httptasksaveresponseasjson":true,"type":"http://b3mn.org/stencilset/bpmn2.0#UserTask","usertaskassignment":"","formkeydefinition":"","formreference":"","formfieldvalidation":true,"duedatedefinition":"","prioritydefinition":"","formproperties":"","tasklisteners":"","skipexpression":"","categorydefinition":""},"stencil":{"id":"HttpTask"},"childShapes":[],"outgoing":[{"resourceId":"sid-8784EBD2-5B01-4A22-A29E-DF0DD32DF77E"}],"bounds":{"lowerRight":{"x":420,"y":218},"upperLeft":{"x":320,"y":138}},"dockers":[]}],"stencil":{"id":"BPMNDiagram"},"stencilset":{"namespace":"http://b3mn.org/stencilset/bpmn2.0#","url":"../editor/stencilsets/bpmn2.0/bpmn2.0.json"}}}